{
    "avg_index": {
        "3D printing": 0.69906,
        "additive manufacturing": 0.82675,
        "composite material": 0.55477,
        "autonomous drones": 0.60795,
        "hypersonic missile": 0.34673,
        "nuclear reactor": 0.45341,
        "scramjet": 0.64438,
        "wind tunnel": 0.81674,
        "quantum computing": 0.48369,
        "smart material": 0.86433,
        "apple": -5,
        "car": -5,
        "clock": -5,
        "London": -5,
        "turtle": -5
    },
    "largest_cluster_percentage": {
        "3D printing": 0.65,
        "additive manufacturing": 0.55,
        "composite material": 0.55,
        "autonomous drones": 0.66,
        "hypersonic missile": 0.5,
        "nuclear reactor": 0.67,
        "scramjet": 0.52,
        "wind tunnel": 0.71,
        "quantum computing": 0.74,
        "smart material": 0.26,
        "apple": 0.68,
        "car": 0.68,
        "clock": 0.8,
        "London": 0.85,
        "turtle": 0.57
    },
    "avg_relevancy": {
        "3D printing": 0.7032967032967034,
        "additive manufacturing": 0.6649350649350649,
        "composite material": 0.74,
        "autonomous drones": 0.7252747252747253,
        "hypersonic missile": 0.6012500000000001,
        "nuclear reactor": 0.5682051282051283,
        "scramjet": 0.5966666666666666,
        "wind tunnel": 0.8321428571428571,
        "quantum computing": 0.6857142857142857,
        "smart material": 0.6204166666666666,
        "apple": 0.48269230769230764,
        "car": 0.45384615384615384,
        "clock": 0.42000000000000004,
        "London": 0.5857142857142856,
        "turtle": 0.3621212121212121
    },
    "avg_coherence": {
        "3D printing": 0.7538461538461538,
        "additive manufacturing": 0.5525974025974026,
        "composite material": 0.7933333333333333,
        "autonomous drones": 0.591941391941392,
        "hypersonic missile": 0.68625,
        "nuclear reactor": 0.5476923076923076,
        "scramjet": 0.5533333333333335,
        "wind tunnel": 0.75,
        "quantum computing": 0.6428571428571429,
        "smart material": 0.5991666666666666,
        "apple": 0.43269230769230765,
        "car": 0.38974358974358975,
        "clock": 0.38,
        "London": 0.34285714285714286,
        "turtle": 0.2833333333333333
    },
    "avg_consistency": {
        "3D printing": 0.6241758241758242,
        "additive manufacturing": 0.4954545454545455,
        "composite material": 0.6333333333333333,
        "autonomous drones": 0.6190476190476191,
        "hypersonic missile": 0.5,
        "nuclear reactor": 0.3917948717948718,
        "scramjet": 0.29333333333333333,
        "wind tunnel": 0.75,
        "quantum computing": 0.5833333333333333,
        "smart material": 0.47541666666666665,
        "apple": 0.4,
        "car": 0.33333333333333337,
        "clock": 0.2,
        "London": 0.26666666666666666,
        "turtle": 0.25
    },
    "avg_fluency": {
        "3D printing": 0.923076923076923,
        "additive manufacturing": 1.0,
        "composite material": 0.9533333333333334,
        "autonomous drones": 0.8007326007326008,
        "hypersonic missile": 0.9525,
        "nuclear reactor": 0.9589743589743589,
        "scramjet": 0.9866666666666667,
        "wind tunnel": 0.9392857142857143,
        "quantum computing": 0.930952380952381,
        "smart material": 0.85,
        "apple": 0.6788461538461539,
        "car": 0.6974358974358974,
        "clock": 0.5599999999999999,
        "London": 0.6,
        "turtle": 0.603030303030303
    },
    "success_rates": {
        "3D printing": 0.7677008750994431,
        "additive manufacturing": 0.6554913294797687,
        "composite material": 0.9657534246575342,
        "autonomous drones": 0.7333333333333333,
        "hypersonic missile": 0.9344729344729344,
        "nuclear reactor": 0.7525179856115108,
        "scramjet": 0.8520408163265306,
        "wind tunnel": 0.9365609348914858,
        "quantum computing": 0.6105873821609862,
        "smart material": 0.8779461279461279,
        "apple": 1.0,
        "car": 0.9472049689440993,
        "clock": 1.0,
        "London": 0.9862825788751715,
        "turtle": 1.0
    }
}