{
    "avg_index": {
        "3D printing": 0.13736614479317336,
        "additive manufacturing": 0.14312863770814743,
        "composite material": 0.36145995574356654,
        "autonomous drones": 0.12588533102986604,
        "hypersonic missile": 0.23245878667603476,
        "nuclear reactor": 0.28513121938775166,
        "scramjet": 0.22366804956073816,
        "wind tunnel": 0.27901040785877923,
        "quantum computing": 0.25686678312569255,
        "smart material": 0.08038770898355875,
        "apple": null,
        "car": -5,
        "clock": null,
        "London": -5,
        "turtle": -5
    },
    "largest_cluster_percentage": {
        "3D printing": 0.24,
        "additive manufacturing": 0.25,
        "composite material": 0.45,
        "autonomous drones": 0.16,
        "hypersonic missile": 0.5208333333333334,
        "nuclear reactor": 0.6979166666666666,
        "scramjet": 0.5252525252525253,
        "wind tunnel": 0.7244897959183674,
        "quantum computing": 0.7551020408163265,
        "smart material": 0.26,
        "apple": 0.4,
        "car": 0.68,
        "clock": 0.37,
        "London": 0.85,
        "turtle": 0.57
    },
    "avg_relevancy": {
        "3D printing": 0.7333333333333334,
        "additive manufacturing": 0.7344444444444443,
        "composite material": 0.7657142857142857,
        "autonomous drones": 0.5791666666666667,
        "hypersonic missile": 0.5675,
        "nuclear reactor": 0.5987179487179486,
        "scramjet": 0.5185185185185185,
        "wind tunnel": 0.6865384615384615,
        "quantum computing": 0.5782051282051281,
        "smart material": 0.6041666666666667,
        "apple": 0.2626666666666667,
        "car": 0.36,
        "clock": 0.4693333333333333,
        "London": 0.5857142857142856,
        "turtle": 0.35
    },
    "avg_coherence": {
        "3D printing": 0.7270833333333333,
        "additive manufacturing": 0.7477777777777778,
        "composite material": 0.6742857142857143,
        "autonomous drones": 0.475,
        "hypersonic missile": 0.64125,
        "nuclear reactor": 0.5435897435897435,
        "scramjet": 0.5666666666666667,
        "wind tunnel": 0.7038461538461538,
        "quantum computing": 0.5961538461538461,
        "smart material": 0.6008333333333333,
        "apple": 0.13599999999999998,
        "car": 0.26,
        "clock": 0.44266666666666665,
        "London": 0.34285714285714286,
        "turtle": 0.25
    },
    "avg_consistency": {
        "3D printing": 0.5541666666666667,
        "additive manufacturing": 0.49444444444444446,
        "composite material": 0.5599999999999999,
        "autonomous drones": 0.25,
        "hypersonic missile": 0.45,
        "nuclear reactor": 0.4217948717948718,
        "scramjet": 0.2518518518518519,
        "wind tunnel": 0.525,
        "quantum computing": 0.46025641025641023,
        "smart material": 0.48583333333333334,
        "apple": 0.12000000000000002,
        "car": 0.2,
        "clock": 0.3466666666666667,
        "London": 0.26666666666666666,
        "turtle": 0.2
    },
    "avg_fluency": {
        "3D printing": 0.975,
        "additive manufacturing": 0.96,
        "composite material": 0.8685714285714287,
        "autonomous drones": 0.925,
        "hypersonic missile": 0.925,
        "nuclear reactor": 0.9153846153846154,
        "scramjet": 0.9555555555555555,
        "wind tunnel": 0.9423076923076923,
        "quantum computing": 0.9807692307692306,
        "smart material": 0.9616666666666667,
        "apple": 0.45466666666666666,
        "car": 0.37666666666666665,
        "clock": 0.7173333333333334,
        "London": 0.6,
        "turtle": 0.85
    },
    "success_rates": {
        "3D printing": 0.8740132617619198,
        "additive manufacturing": 0.7695500581105761,
        "composite material": 0.9852558542931483,
        "autonomous drones": 0.8443256090314913,
        "hypersonic missile": 0.9267399267399268,
        "nuclear reactor": 0.5988538681948424,
        "scramjet": 0.7627677100494233,
        "wind tunnel": 0.8885832187070152,
        "quantum computing": 0.5384615384615384,
        "smart material": 0.5782983970406905,
        "apple": 0.9970008568980291,
        "car": 1.0,
        "clock": 1.0,
        "London": 0.9862825788751715,
        "turtle": 1.0
    }
}