{
    "avg_index": {
        "3D printing": 0.00441,
        "additive manufacturing": 0.82675,
        "composite material": 0.55477,
        "autonomous drones": 0.60795,
        "hypersonic missile": 0.34673,
        "nuclear reactor": 0.45341,
        "scramjet": 0.00739,
        "wind tunnel": 0.00653,
        "quantum computing": 0.00611,
        "smart material": 0.00725,
        "apple": -5,
        "car": -5,
        "clock": -5,
        "London": -5,
        "turtle": -5
    },
    "largest_cluster_percentage": {
        "3D printing": 0.5099601593625498,
        "additive manufacturing": 0.55,
        "composite material": 0.55,
        "autonomous drones": 0.66,
        "hypersonic missile": 0.5,
        "nuclear reactor": 0.67,
        "scramjet": 0.4602649006622517,
        "wind tunnel": 0.583596214511041,
        "quantum computing": 0.5751173708920188,
        "smart material": 0.2102803738317757,
        "apple": 0.68,
        "car": 0.68,
        "clock": 0.8,
        "London": 0.85,
        "turtle": 0.57
    },
    "avg_relevancy": {
        "3D printing": 0.7892307692307692,
        "additive manufacturing": 0.6649350649350649,
        "composite material": 0.74,
        "autonomous drones": 0.7252747252747253,
        "hypersonic missile": 0.6012500000000001,
        "nuclear reactor": 0.5682051282051283,
        "scramjet": 0.705,
        "wind tunnel": 0.862857142857143,
        "quantum computing": 0.7531746031746032,
        "smart material": 0.6,
        "apple": 0.48269230769230764,
        "car": 0.45384615384615384,
        "clock": 0.42000000000000004,
        "London": 0.5857142857142856,
        "turtle": 0.3621212121212121
    },
    "avg_coherence": {
        "3D printing": 0.7953846153846154,
        "additive manufacturing": 0.5525974025974026,
        "composite material": 0.7933333333333333,
        "autonomous drones": 0.591941391941392,
        "hypersonic missile": 0.68625,
        "nuclear reactor": 0.5476923076923076,
        "scramjet": 0.7783333333333334,
        "wind tunnel": 0.7285714285714286,
        "quantum computing": 0.780952380952381,
        "smart material": 0.5745833333333333,
        "apple": 0.43269230769230765,
        "car": 0.38974358974358975,
        "clock": 0.38,
        "London": 0.34285714285714286,
        "turtle": 0.2833333333333333
    },
    "avg_consistency": {
        "3D printing": 0.6738461538461539,
        "additive manufacturing": 0.4954545454545455,
        "composite material": 0.6333333333333333,
        "autonomous drones": 0.6190476190476191,
        "hypersonic missile": 0.5,
        "nuclear reactor": 0.3917948717948718,
        "scramjet": 0.36666666666666664,
        "wind tunnel": 0.5714285714285714,
        "quantum computing": 0.7063492063492063,
        "smart material": 0.37583333333333335,
        "apple": 0.4,
        "car": 0.33333333333333337,
        "clock": 0.2,
        "London": 0.26666666666666666,
        "turtle": 0.25
    },
    "avg_fluency": {
        "3D printing": 0.9907692307692308,
        "additive manufacturing": 1.0,
        "composite material": 0.9533333333333334,
        "autonomous drones": 0.8007326007326008,
        "hypersonic missile": 0.9525,
        "nuclear reactor": 0.9589743589743589,
        "scramjet": 1.0,
        "wind tunnel": 0.9828571428571429,
        "quantum computing": 0.980952380952381,
        "smart material": 1.0,
        "apple": 0.6788461538461539,
        "car": 0.6974358974358974,
        "clock": 0.5599999999999999,
        "London": 0.6,
        "turtle": 0.603030303030303
    },
    "success_rates": {
        "3D printing": 0.8465346534653465,
        "additive manufacturing": 0.6554913294797687,
        "composite material": 0.9657534246575342,
        "autonomous drones": 0.7333333333333333,
        "hypersonic missile": 0.9344729344729344,
        "nuclear reactor": 0.7525179856115108,
        "scramjet": 0.7583892617449665,
        "wind tunnel": 0.9432703003337041,
        "quantum computing": 0.6243523316062176,
        "smart material": 0.7358309317963496,
        "apple": 1.0,
        "car": 0.9472049689440993,
        "clock": 1.0,
        "London": 0.9862825788751715,
        "turtle": 1.0
    }
}