{
    "avg_index": {
        "3D printing": 0.22977123182544593,
        "additive manufacturing": 0.24796601732955859,
        "composite material": 0.15325392806418242,
        "autonomous drones": 0.29862041473441686,
        "hypersonic missile": 0.23245878667603476,
        "nuclear reactor": 0.28513121938775166,
        "scramjet": 0.22366804956073816,
        "wind tunnel": 0.27901040785877923,
        "quantum computing": 0.25686678312569255,
        "smart material": 0.08038770898355875,
        "apple": -5,
        "car": -5,
        "clock": -5,
        "London": -5,
        "turtle": -5
    },
    "largest_cluster_percentage": {
        "3D printing": 0.6701030927835051,
        "additive manufacturing": 0.55,
        "composite material": 0.5555555555555556,
        "autonomous drones": 0.6804123711340206,
        "hypersonic missile": 0.5208333333333334,
        "nuclear reactor": 0.6979166666666666,
        "scramjet": 0.5252525252525253,
        "wind tunnel": 0.7244897959183674,
        "quantum computing": 0.7551020408163265,
        "smart material": 0.26,
        "apple": 0.68,
        "car": 0.68,
        "clock": 0.8,
        "London": 0.85,
        "turtle": 0.57
    },
    "avg_relevancy": {
        "3D printing": 0.6373626373626373,
        "additive manufacturing": 0.44696969696969696,
        "composite material": 0.69,
        "autonomous drones": 0.5714285714285714,
        "hypersonic missile": 0.5675,
        "nuclear reactor": 0.5987179487179486,
        "scramjet": 0.5185185185185185,
        "wind tunnel": 0.6865384615384615,
        "quantum computing": 0.5782051282051281,
        "smart material": 0.6041666666666667,
        "apple": 0.48269230769230764,
        "car": 0.36,
        "clock": 0.45,
        "London": 0.5857142857142856,
        "turtle": 0.35
    },
    "avg_coherence": {
        "3D printing": 0.5274725274725275,
        "additive manufacturing": 0.45606060606060606,
        "composite material": 0.6666666666666667,
        "autonomous drones": 0.5340659340659342,
        "hypersonic missile": 0.64125,
        "nuclear reactor": 0.5435897435897435,
        "scramjet": 0.5666666666666667,
        "wind tunnel": 0.7038461538461538,
        "quantum computing": 0.5961538461538461,
        "smart material": 0.6008333333333333,
        "apple": 0.43269230769230765,
        "car": 0.26,
        "clock": 0.4,
        "London": 0.34285714285714286,
        "turtle": 0.25
    },
    "avg_consistency": {
        "3D printing": 0.4681318681318681,
        "additive manufacturing": 0.30454545454545456,
        "composite material": 0.5266666666666666,
        "autonomous drones": 0.4395604395604396,
        "hypersonic missile": 0.45,
        "nuclear reactor": 0.4217948717948718,
        "scramjet": 0.2518518518518519,
        "wind tunnel": 0.525,
        "quantum computing": 0.46025641025641023,
        "smart material": 0.48583333333333334,
        "apple": 0.4,
        "car": 0.2,
        "clock": 0.2,
        "London": 0.26666666666666666,
        "turtle": 0.2
    },
    "avg_fluency": {
        "3D printing": 0.8989010989010989,
        "additive manufacturing": 0.8,
        "composite material": 0.9866666666666667,
        "autonomous drones": 0.7230769230769231,
        "hypersonic missile": 0.925,
        "nuclear reactor": 0.9153846153846154,
        "scramjet": 0.9555555555555555,
        "wind tunnel": 0.9423076923076923,
        "quantum computing": 0.9807692307692306,
        "smart material": 0.9616666666666667,
        "apple": 0.6788461538461539,
        "car": 0.37666666666666665,
        "clock": 0.7,
        "London": 0.6,
        "turtle": 0.85
    },
    "success_rates": {
        "3D printing": 0.8275193798449613,
        "additive manufacturing": 0.8190916089299461,
        "composite material": 0.9744136460554371,
        "autonomous drones": 0.8504983388704319,
        "hypersonic missile": 0.9267399267399268,
        "nuclear reactor": 0.5988538681948424,
        "scramjet": 0.7627677100494233,
        "wind tunnel": 0.8885832187070152,
        "quantum computing": 0.5384615384615384,
        "smart material": 0.5782983970406905,
        "apple": 1.0,
        "car": 1.0,
        "clock": 1.0,
        "London": 0.9862825788751715,
        "turtle": 1.0
    }
}