Silhouette Score, Purity Score, V-measure Score, Jaccard Index, # of clusters
-0.02281840426907448, 0.156, 0.06413324555913706, 0.03145951521402785, 19
