,3D printing,additive manufacturing,composite material,autonomous drones,hypersonic missile,nuclear reactor,scramjet,wind tunnel,quantum computing,smart material
distances,0.0,0.0,0.0,0.0,0.6470588235294118,0.0,0.0,0.0,0.0,0.0
original,0.47337278106508873,0.6027397260273972,0.6796116504854369,0.6788990825688074,0.5575757575757576,0.5308427454387489,0.4274193548387097,0.5625,0.46488294314381273,0.6587301587301587
proportion,0.5571428571428572,0.625,0.5569620253164557,0.45893719806763283,0.6991869918699187,0.5227272727272727,0.5693430656934306,0.5882352941176471,0.5570469798657718,0.5673758865248227
