,3D printing,smart material,additive manufacturing,autonomous drones,composite material,hypersonic missile
proportion,0.47928994082840237,0.5384615384615384,0.49145299145299143,0.575,0.484375,0.6262626262626263
distances,0.5,0.0,0.0,0.484375,0.5319148936170213,0.4214876033057851
original,0.6069651741293532,0.6381578947368421,0.6494845360824743,0.4322033898305085,0.575,0.573170731707317
